ob_6944-500w.jpg	https://images.squarespace-cdn.com/content/v1/5a35a8d129f187ac01aa178a/1590549728636-YS0R040QAU9LY938Q3LW/ob_6944.jpg?format=500w
ob_6944-750w.jpg	https://images.squarespace-cdn.com/content/v1/5a35a8d129f187ac01aa178a/1590549728636-YS0R040QAU9LY938Q3LW/ob_6944.jpg?format=750w
IMG_9248-750w.jpg	https://images.squarespace-cdn.com/content/v1/5a35a8d129f187ac01aa178a/1591903935605-BIUXVZA5RI61MUBP3J1Z/IMG_9248.JPG?format=750w
OB_0299-500w.jpg	https://images.squarespace-cdn.com/content/v1/5a35a8d129f187ac01aa178a/1605825272860-SYUHVO7YQICPF3L19JBH/OB_0299.jpg?format=500w
OB_0299-750w.jpg	https://images.squarespace-cdn.com/content/v1/5a35a8d129f187ac01aa178a/1605825272860-SYUHVO7YQICPF3L19JBH/OB_0299.jpg?format=750w
ob_1471-500w.jpg	https://images.squarespace-cdn.com/content/v1/5a35a8d129f187ac01aa178a/1612907268372-OOM7U1AU4KRM2LHC9KD5/ob_1471.jpg?format=500w
ob_1471-750w.jpg	https://images.squarespace-cdn.com/content/v1/5a35a8d129f187ac01aa178a/1612907268372-OOM7U1AU4KRM2LHC9KD5/ob_1471.jpg?format=750w
IMG_9730-500w.jpg	https://images.squarespace-cdn.com/content/v1/5a35a8d129f187ac01aa178a/1618353481270-82HPFA92JWL78IKRPLMS/IMG_9730.jpg?format=500w
IMG_9730-750w.jpg	https://images.squarespace-cdn.com/content/v1/5a35a8d129f187ac01aa178a/1618353481270-82HPFA92JWL78IKRPLMS/IMG_9730.jpg?format=750w
IMG_9325-500w.jpg	https://images.squarespace-cdn.com/content/v1/5a35a8d129f187ac01aa178a/1618449849038-4JTJ6MSJSS6EPJHNVRXO/IMG_9325.jpg?format=500w
IMG_9325-750w.jpg	https://images.squarespace-cdn.com/content/v1/5a35a8d129f187ac01aa178a/1618449849038-4JTJ6MSJSS6EPJHNVRXO/IMG_9325.jpg?format=750w
_MG_1792-500w.jpg	https://images.squarespace-cdn.com/content/v1/5a35a8d129f187ac01aa178a/1623799703361-1IHZJP3ANLMHIX2B43FM/_MG_1792.jpg?format=500w
_MG_1792-750w.jpg	https://images.squarespace-cdn.com/content/v1/5a35a8d129f187ac01aa178a/1623799703361-1IHZJP3ANLMHIX2B43FM/_MG_1792.jpg?format=750w
_MG_1812-500w.jpg	https://images.squarespace-cdn.com/content/v1/5a35a8d129f187ac01aa178a/1623806920071-XSOHBJ1ASLQ6I754ISMB/_MG_1812.jpg?format=500w
_MG_1812-750w.jpg	https://images.squarespace-cdn.com/content/v1/5a35a8d129f187ac01aa178a/1623806920071-XSOHBJ1ASLQ6I754ISMB/_MG_1812.jpg?format=750w
0B0_2489-500w.jpg	https://images.squarespace-cdn.com/content/v1/5a35a8d129f187ac01aa178a/1631543263959-MK239AMULDH1A6ORLUG6/0B0_2489.jpg?format=500w
0B0_2489-750w.jpg	https://images.squarespace-cdn.com/content/v1/5a35a8d129f187ac01aa178a/1631543263959-MK239AMULDH1A6ORLUG6/0B0_2489.jpg?format=750w
0B0_4712-500w.jpg	https://images.squarespace-cdn.com/content/v1/5a35a8d129f187ac01aa178a/1650297166055-D72O6QBNL68DOIAKO7O9/0B0_4712.jpg?format=500w
0B0_4712-750w.jpg	https://images.squarespace-cdn.com/content/v1/5a35a8d129f187ac01aa178a/1650297166055-D72O6QBNL68DOIAKO7O9/0B0_4712.jpg?format=750w
0B0_4910-500w.jpg	https://images.squarespace-cdn.com/content/v1/5a35a8d129f187ac01aa178a/1650297850985-NUID3LTF6V61MYCSIXCS/0B0_4910.jpg?format=500w
0B0_4910-750w.jpg	https://images.squarespace-cdn.com/content/v1/5a35a8d129f187ac01aa178a/1650297850985-NUID3LTF6V61MYCSIXCS/0B0_4910.jpg?format=750w
0B0_5137-500w.jpg	https://images.squarespace-cdn.com/content/v1/5a35a8d129f187ac01aa178a/1650298510889-IXSS9N5FELY2SW73VOUY/0B0_5137.jpg?format=500w
0B0_5137-750w.jpg	https://images.squarespace-cdn.com/content/v1/5a35a8d129f187ac01aa178a/1650298510889-IXSS9N5FELY2SW73VOUY/0B0_5137.jpg?format=750w
0B0_5067-500w.jpg	https://images.squarespace-cdn.com/content/v1/5a35a8d129f187ac01aa178a/1650299425040-JBEO6JMJXI2IGE160AC5/0B0_5067.jpg?format=500w
0B0_5067-750w.jpg	https://images.squarespace-cdn.com/content/v1/5a35a8d129f187ac01aa178a/1650299425040-JBEO6JMJXI2IGE160AC5/0B0_5067.jpg?format=750w
0B0_5183-500w.jpg	https://images.squarespace-cdn.com/content/v1/5a35a8d129f187ac01aa178a/1650331580428-K0E9GJLFRDLQ3XI631PF/0B0_5183.jpg?format=500w
0B0_5183-750w.jpg	https://images.squarespace-cdn.com/content/v1/5a35a8d129f187ac01aa178a/1650331580428-K0E9GJLFRDLQ3XI631PF/0B0_5183.jpg?format=750w
0B0_5453-500w.jpg	https://images.squarespace-cdn.com/content/v1/5a35a8d129f187ac01aa178a/1650421814586-WKKDUNT3YPT976PEIE0O/0B0_5453.jpg?format=500w
0B0_5453-750w.jpg	https://images.squarespace-cdn.com/content/v1/5a35a8d129f187ac01aa178a/1650421814586-WKKDUNT3YPT976PEIE0O/0B0_5453.jpg?format=750w
0B0_5612-500w.jpg	https://images.squarespace-cdn.com/content/v1/5a35a8d129f187ac01aa178a/1650427747735-WJ4ZDMS7V0Q6XJRN9QKQ/0B0_5612.jpg?format=500w
0B0_5612-750w.jpg	https://images.squarespace-cdn.com/content/v1/5a35a8d129f187ac01aa178a/1650427747735-WJ4ZDMS7V0Q6XJRN9QKQ/0B0_5612.jpg?format=750w
0B0_5699-500w.jpg	https://images.squarespace-cdn.com/content/v1/5a35a8d129f187ac01aa178a/1650682799836-HEJXVFJ9OC8N5POAKVK3/0B0_5699.JPG?format=500w
0B0_5699-750w.jpg	https://images.squarespace-cdn.com/content/v1/5a35a8d129f187ac01aa178a/1650682799836-HEJXVFJ9OC8N5POAKVK3/0B0_5699.JPG?format=750w
0B0_5827-500w.jpg	https://images.squarespace-cdn.com/content/v1/5a35a8d129f187ac01aa178a/1650684551728-7VLJKITAU34QYBRL7IS0/0B0_5827.jpg?format=500w
0B0_5827-750w.jpg	https://images.squarespace-cdn.com/content/v1/5a35a8d129f187ac01aa178a/1650684551728-7VLJKITAU34QYBRL7IS0/0B0_5827.jpg?format=750w
OB0_7512-500w.jpg	https://images.squarespace-cdn.com/content/v1/5a35a8d129f187ac01aa178a/1710733325939-P40KAI02CYAS9KLOU3FX/OB0_7512.JPG?format=500w
OB0_7512-750w.jpg	https://images.squarespace-cdn.com/content/v1/5a35a8d129f187ac01aa178a/1710733325939-P40KAI02CYAS9KLOU3FX/OB0_7512.JPG?format=750w
OB0_7537-500w.jpg	https://images.squarespace-cdn.com/content/v1/5a35a8d129f187ac01aa178a/1710950041560-NYBFXXCGSQJ886TF3KMI/OB0_7537.jpg?format=500w
OB0_7537-750w.jpg	https://images.squarespace-cdn.com/content/v1/5a35a8d129f187ac01aa178a/1710950041560-NYBFXXCGSQJ886TF3KMI/OB0_7537.jpg?format=750w
OB0_7584-500w.jpg	https://images.squarespace-cdn.com/content/v1/5a35a8d129f187ac01aa178a/1710950483349-NP0LODMGLBEGLBNGXVSW/OB0_7584.jpg?format=500w
OB0_7584-750w.jpg	https://images.squarespace-cdn.com/content/v1/5a35a8d129f187ac01aa178a/1710950483349-NP0LODMGLBEGLBNGXVSW/OB0_7584.jpg?format=750w
OB0_7441-500w.jpg	https://images.squarespace-cdn.com/content/v1/5a35a8d129f187ac01aa178a/1710955832409-NTYZOZ92F2HM70NAB5XY/OB0_7441.jpg?format=500w
OB0_7441-750w.jpg	https://images.squarespace-cdn.com/content/v1/5a35a8d129f187ac01aa178a/1710955832409-NTYZOZ92F2HM70NAB5XY/OB0_7441.jpg?format=750w
OB0_7721-500w.jpg	https://images.squarespace-cdn.com/content/v1/5a35a8d129f187ac01aa178a/1710956901960-IEGTBL5C4BCNTYNV3D21/OB0_7721.jpg?format=500w
OB0_7721-750w.jpg	https://images.squarespace-cdn.com/content/v1/5a35a8d129f187ac01aa178a/1710956901960-IEGTBL5C4BCNTYNV3D21/OB0_7721.jpg?format=750w
the-valet-2-1500w.jpg	https://images.squarespace-cdn.com/content/v1/5a35a8d129f187ac01aa178a/1623806920071-XSOHBJ1ASLQ6I754ISMB/_MG_1812.jpg?format=1500w
the-valet-3-1500w.jpg	https://images.squarespace-cdn.com/content/v1/5a35a8d129f187ac01aa178a/1623807253232-ZWVLZBTRN1MV8G2OT6JD/_MG_1817.jpg?format=1500w
the-valet-4-1500w.jpg	https://images.squarespace-cdn.com/content/v1/5a35a8d129f187ac01aa178a/1623806813141-IYTM8ZP1W1XUGHJL4W0J/_MG_1808.jpg?format=1500w
the-valet-5-1500w.jpg	https://images.squarespace-cdn.com/content/v1/5a35a8d129f187ac01aa178a/1623806885440-91WCYJNGRG0H8W9FX6VS/_MG_1811.jpg?format=1500w
the-valet-6-1500w.jpg	https://images.squarespace-cdn.com/content/v1/5a35a8d129f187ac01aa178a/1623807293955-M0ACHHCTGL2A0WEC78OU/_MG_1818.jpg?format=1500w
afternoon-tea-1-1500w.jpg	https://images.squarespace-cdn.com/content/v1/5a35a8d129f187ac01aa178a/1618344092583-MBX6NMTWF5T9PGDFA2QD/IMG_9729.jpg?format=1500w
afternoon-tea-2-1500w.jpg	https://images.squarespace-cdn.com/content/v1/5a35a8d129f187ac01aa178a/1618353481270-82HPFA92JWL78IKRPLMS/IMG_9730.jpg?format=1500w
afternoon-tea-3-1500w.jpg	https://images.squarespace-cdn.com/content/v1/5a35a8d129f187ac01aa178a/1618449432703-L9CUOJ6DZKDA5E50MXMG/IMG_9198.jpg?format=1500w
afternoon-tea-4-1500w.jpg	https://images.squarespace-cdn.com/content/v1/5a35a8d129f187ac01aa178a/1618449593752-YELV5HWWAW8261AG365Q/IMG_9729.jpg?format=1500w
mini-spa-day-1-1500w.jpg	https://images.squarespace-cdn.com/content/v1/5a35a8d129f187ac01aa178a/1618288867610-6WDY4QLF0N32HBI3PKF0/IMG_9350.jpg?format=1500w
mini-spa-day-2-1500w.jpg	https://images.squarespace-cdn.com/content/v1/5a35a8d129f187ac01aa178a/1618449849038-4JTJ6MSJSS6EPJHNVRXO/IMG_9325.jpg?format=1500w
mini-spa-day-3-1500w.jpg	https://images.squarespace-cdn.com/content/v1/5a35a8d129f187ac01aa178a/1618449881682-Q4XSFWC6GEDH3TCKZJDS/IMG_9350.jpg?format=1500w
mini-spa-day-4-1500w.jpg	https://images.squarespace-cdn.com/content/v1/5a35a8d129f187ac01aa178a/1618449970251-UPTST9KP22P2UWN40T15/IMG_9339.jpg?format=1500w
the-wind-down-2-1500w.jpg	https://images.squarespace-cdn.com/content/v1/5a35a8d129f187ac01aa178a/1623799703361-1IHZJP3ANLMHIX2B43FM/_MG_1792.jpg?format=1500w
the-wind-down-3-1500w.jpg	https://images.squarespace-cdn.com/content/v1/5a35a8d129f187ac01aa178a/1623799551639-8S6GMKU876KK0L5PD9E6/_MG_1788.jpg?format=1500w
the-wind-down-4-1500w.jpg	https://images.squarespace-cdn.com/content/v1/5a35a8d129f187ac01aa178a/1623800230989-EPZC28TI7ZLA4IYFRPK1/_MG_1798.jpg?format=1500w
the-wind-down-5-1500w.jpg	https://images.squarespace-cdn.com/content/v1/5a35a8d129f187ac01aa178a/1623800341336-D013IC9QB635YQL0CJIF/_MG_1802.jpg?format=1500w
the-wind-down-6-1500w.jpg	https://images.squarespace-cdn.com/content/v1/5a35a8d129f187ac01aa178a/1623623338760-R22ONW09H0GWCFTGFOJD/367B34EB-4CB5-4ABC-ACF0-99B259C054D3?format=1500w
cheers-1-1500w.jpg	https://images.squarespace-cdn.com/content/v1/5a35a8d129f187ac01aa178a/1650324484658-KS1OR10CKQ1C9VLRHA8C/0B0_4910.jpg?format=1500w
cheers-2-1500w.jpg	https://images.squarespace-cdn.com/content/v1/5a35a8d129f187ac01aa178a/1650297850985-NUID3LTF6V61MYCSIXCS/0B0_4910.jpg?format=1500w
cheers-3-1500w.jpg	https://images.squarespace-cdn.com/content/v1/5a35a8d129f187ac01aa178a/1650297901149-JDNSG33BVS796YLWJZHU/0B0_4907.jpg?format=1500w
cheers-4-1500w.jpg	https://images.squarespace-cdn.com/content/v1/5a35a8d129f187ac01aa178a/1650298147153-2TG05UFGAW0JDKU609LS/0B0_4867.jpg?format=1500w
cheers-5-1500w.jpg	https://images.squarespace-cdn.com/content/v1/5a35a8d129f187ac01aa178a/1650297970647-KG1C34974N4TZIJ18H81/0B0_4886.jpg?format=1500w
bright-side-1-1500w.jpg	https://images.squarespace-cdn.com/content/v1/5a35a8d129f187ac01aa178a/1650690944915-9SGE21YDK1BBRQMOFH3S/0B0_5699.jpg?format=1500w
bright-side-2-1500w.jpg	https://images.squarespace-cdn.com/content/v1/5a35a8d129f187ac01aa178a/1650682799836-HEJXVFJ9OC8N5POAKVK3/0B0_5699.JPG?format=1500w
bright-side-3-1500w.jpg	https://images.squarespace-cdn.com/content/v1/5a35a8d129f187ac01aa178a/1650685317473-4LZLF5M6XFE77IVDR9BB/0B0_5716.jpg?format=1500w
bright-side-4-1500w.jpg	https://images.squarespace-cdn.com/content/v1/5a35a8d129f187ac01aa178a/1650684130673-JO6QMJIKSRP5EXY4LGPV/0B0_5684.jpg?format=1500w
bright-side-5-1500w.jpg	https://images.squarespace-cdn.com/content/v1/5a35a8d129f187ac01aa178a/1650685146036-V5HEEBU4SM4WBEXNKAII/0B0_5686.jpg?format=1500w
the-new-keys-1-1500w.jpg	https://images.squarespace-cdn.com/content/v1/5a35a8d129f187ac01aa178a/1650334819675-OYEOMKXG2XNZ6ESLQ4DN/0B0_4712+%281%29.jpg?format=1500w
the-new-keys-2-1500w.jpg	https://images.squarespace-cdn.com/content/v1/5a35a8d129f187ac01aa178a/1650297166055-D72O6QBNL68DOIAKO7O9/0B0_4712.jpg?format=1500w
the-new-keys-3-1500w.jpg	https://images.squarespace-cdn.com/content/v1/5a35a8d129f187ac01aa178a/1650297212860-NYOHQE46FEW205GKRVLQ/0B0_4709.jpg?format=1500w
the-new-keys-4-1500w.jpg	https://images.squarespace-cdn.com/content/v1/5a35a8d129f187ac01aa178a/1650297475034-CZ36BYDL6UM756HULWZI/0B0_4715.jpg?format=1500w
the-new-keys-5-1500w.jpg	https://images.squarespace-cdn.com/content/v1/5a35a8d129f187ac01aa178a/1650297191766-8H3X7ME8W5ENMIVARR4I/0B0_4711.jpg?format=1500w
the-reset-1-1500w.jpg	https://images.squarespace-cdn.com/content/v1/5a35a8d129f187ac01aa178a/1710733325939-P40KAI02CYAS9KLOU3FX/OB0_7512.JPG?format=1500w
the-reset-2-1500w.jpg	https://images.squarespace-cdn.com/content/v1/5a35a8d129f187ac01aa178a/1710733321345-6RJ5BYUKCT5VFXTYG62X/OB0_7517.JPG?format=1500w
the-reset-3-1500w.jpg	https://images.squarespace-cdn.com/content/v1/5a35a8d129f187ac01aa178a/1710733323108-MMYRIJLOREWFVM5TXM4T/OB0_7520.JPG?format=1500w
the-reset-4-1500w.jpg	https://images.squarespace-cdn.com/content/v1/5a35a8d129f187ac01aa178a/1710733323211-L6DDXNGE1P88103KS2G0/OB0_7515.JPG?format=1500w
the-reset-5-1500w.jpg	https://images.squarespace-cdn.com/content/v1/5a35a8d129f187ac01aa178a/1710770520738-ASGE06YTTEU6GY6Q7FS0/OB0_7520.JPG?format=1500w
the-nightcap-1-1500w.jpg	https://images.squarespace-cdn.com/content/v1/5a35a8d129f187ac01aa178a/1650376563871-5KC17ES8TKLOQ173050P/0B0_5067.jpg?format=1500w
the-nightcap-2-1500w.jpg	https://images.squarespace-cdn.com/content/v1/5a35a8d129f187ac01aa178a/1650299425040-JBEO6JMJXI2IGE160AC5/0B0_5067.jpg?format=1500w
the-nightcap-3-1500w.jpg	https://images.squarespace-cdn.com/content/v1/5a35a8d129f187ac01aa178a/1650299443995-7V1MS2MRHEV90TS3TR2S/0B0_5056.jpg?format=1500w
the-nightcap-4-1500w.jpg	https://images.squarespace-cdn.com/content/v1/5a35a8d129f187ac01aa178a/1650299458852-4C646MO028DLTKNMRKFX/0B0_5057.jpg?format=1500w
the-nightcap-5-1500w.jpg	https://images.squarespace-cdn.com/content/v1/5a35a8d129f187ac01aa178a/1650299472835-73Y2BJXIU93Q96DG0SPB/0B0_5065.jpg?format=1500w
the-dinner-party-1-1500w.jpg	https://images.squarespace-cdn.com/content/v1/5a35a8d129f187ac01aa178a/1650428472175-7ILYY1AZO1FQER231G6L/0B0_5612.jpg?format=1500w
the-dinner-party-2-1500w.jpg	https://images.squarespace-cdn.com/content/v1/5a35a8d129f187ac01aa178a/1650427747735-WJ4ZDMS7V0Q6XJRN9QKQ/0B0_5612.jpg?format=1500w
the-dinner-party-3-1500w.jpg	https://images.squarespace-cdn.com/content/v1/5a35a8d129f187ac01aa178a/1650427949660-Y9XL7DA4VJJXAOTMG48S/0B0_5620.jpg?format=1500w
the-dinner-party-4-1500w.jpg	https://images.squarespace-cdn.com/content/v1/5a35a8d129f187ac01aa178a/1650427999545-IHBY7WED50EUKG5Y30OT/0B0_5623.jpg?format=1500w
the-dinner-party-5-1500w.jpg	https://images.squarespace-cdn.com/content/v1/5a35a8d129f187ac01aa178a/1650427905392-ZIX9TWXVANXQM89VRWLT/0B0_5619.jpg?format=1500w
hosts-delight-1-1500w.jpg	https://images.squarespace-cdn.com/content/v1/5a35a8d129f187ac01aa178a/1605826800049-827Z3EOOFJOE2KY7AADR/OB_0299.jpg?format=1500w
hosts-delight-2-1500w.jpg	https://images.squarespace-cdn.com/content/v1/5a35a8d129f187ac01aa178a/1605825272860-SYUHVO7YQICPF3L19JBH/OB_0299.jpg?format=1500w
hosts-delight-3-1500w.jpg	https://images.squarespace-cdn.com/content/v1/5a35a8d129f187ac01aa178a/1605825375608-KJGI1SZQWTR1E8CF7F7I/OB_0292.jpg?format=1500w
hosts-delight-4-1500w.jpg	https://images.squarespace-cdn.com/content/v1/5a35a8d129f187ac01aa178a/1605825832053-7YR96S2NREHNAJAMJHN0/OB_0304.jpg?format=1500w
hosts-delight-5-1500w.jpg	https://images.squarespace-cdn.com/content/v1/5a35a8d129f187ac01aa178a/1605825467546-E7DEJQGPSDBE472KOTFQ/OB_0298.jpg?format=1500w
love-you-1-1500w.jpg	https://images.squarespace-cdn.com/content/v1/5a35a8d129f187ac01aa178a/1710955832409-NTYZOZ92F2HM70NAB5XY/OB0_7441.jpg?format=1500w
love-you-2-1500w.jpg	https://images.squarespace-cdn.com/content/v1/5a35a8d129f187ac01aa178a/1710955883231-LRGZWCBYL9JM8SNZR43Z/OB0_7411.jpg?format=1500w
love-you-3-1500w.jpg	https://images.squarespace-cdn.com/content/v1/5a35a8d129f187ac01aa178a/1710955941940-T7NF5WSUI6MTAQ8KG4KN/OB0_7437.jpg?format=1500w
love-you-4-1500w.jpg	https://images.squarespace-cdn.com/content/v1/5a35a8d129f187ac01aa178a/1710956063456-599QV8ZJVSD0L2F4FC1M/OB0_7427.jpg?format=1500w
love-you-5-1500w.jpg	https://images.squarespace-cdn.com/content/v1/5a35a8d129f187ac01aa178a/1710956106513-D6OP5UPMLD1MGCLGHK2F/OB0_7436.jpg?format=1500w
coffee-lover-1-1500w.jpg	https://images.squarespace-cdn.com/content/v1/5a35a8d129f187ac01aa178a/1710950483349-NP0LODMGLBEGLBNGXVSW/OB0_7584.jpg?format=1500w
coffee-lover-2-1500w.jpg	https://images.squarespace-cdn.com/content/v1/5a35a8d129f187ac01aa178a/1710950548328-XMBIA5PIEL9NUB5OBN7E/OB0_7604.jpg?format=1500w
coffee-lover-3-1500w.jpg	https://images.squarespace-cdn.com/content/v1/5a35a8d129f187ac01aa178a/1710955461956-S1ZF1L4ARE7TIR5AVD9E/OB0_7609.jpg?format=1500w
coffee-lover-4-1500w.jpg	https://images.squarespace-cdn.com/content/v1/5a35a8d129f187ac01aa178a/1710955504011-WQJ9MVYRBDIUECWHOWWN/OB0_7601.jpg?format=1500w
coffee-lover-5-1500w.jpg	https://images.squarespace-cdn.com/content/v1/5a35a8d129f187ac01aa178a/1710955565921-F3YCG1L60U9ZF94YJD2W/OB0_7591.jpg?format=1500w
peaches-cream-1-1500w.jpg	https://images.squarespace-cdn.com/content/v1/5a35a8d129f187ac01aa178a/1710950041560-NYBFXXCGSQJ886TF3KMI/OB0_7537.jpg?format=1500w
peaches-cream-2-1500w.jpg	https://images.squarespace-cdn.com/content/v1/5a35a8d129f187ac01aa178a/1710950091063-MEPRSQZ3FTDO29TMJ60L/OB0_7539.jpg?format=1500w
peaches-cream-3-1500w.jpg	https://images.squarespace-cdn.com/content/v1/5a35a8d129f187ac01aa178a/1710950127145-RY0TF1NBBCP72T8945RY/OB0_7549.jpg?format=1500w
peaches-cream-4-1500w.jpg	https://images.squarespace-cdn.com/content/v1/5a35a8d129f187ac01aa178a/1710950222109-OYUVNWDA79UAEL5628LI/OB0_7556.jpg?format=1500w
peaches-cream-5-1500w.jpg	https://images.squarespace-cdn.com/content/v1/5a35a8d129f187ac01aa178a/1710950261003-R5IGZ37R3EI1T2VWZCML/OB0_7533.jpg?format=1500w
spa-weekend-1-1500w.jpg	https://images.squarespace-cdn.com/content/v1/5a35a8d129f187ac01aa178a/1710956901960-IEGTBL5C4BCNTYNV3D21/OB0_7721.jpg?format=1500w
spa-weekend-2-1500w.jpg	https://images.squarespace-cdn.com/content/v1/5a35a8d129f187ac01aa178a/1710957069428-FZQ9D84Q3VLCDMCBK3V8/OB0_7724.jpg?format=1500w
spa-weekend-3-1500w.jpg	https://images.squarespace-cdn.com/content/v1/5a35a8d129f187ac01aa178a/1710957012509-BS9LH37DXK528VTZIZEK/OB0_7730.jpg?format=1500w
spa-weekend-4-1500w.jpg	https://images.squarespace-cdn.com/content/v1/5a35a8d129f187ac01aa178a/1710956402264-G4LKBXRA4287T5DH3BJ5/OB0_7125.jpg?format=1500w
spa-weekend-5-1500w.jpg	https://images.squarespace-cdn.com/content/v1/5a35a8d129f187ac01aa178a/1605824556346-EA6T3569D3NUYNMW3OL2/IMG_1708.jpg?format=1500w
lemonade-1-1500w.jpg	https://images.squarespace-cdn.com/content/v1/5a35a8d129f187ac01aa178a/1650692184797-1F1GPG26PCQCM1QXVC48/0B0_5827.jpg?format=1500w
lemonade-2-1500w.jpg	https://images.squarespace-cdn.com/content/v1/5a35a8d129f187ac01aa178a/1650684551728-7VLJKITAU34QYBRL7IS0/0B0_5827.jpg?format=1500w
lemonade-3-1500w.jpg	https://images.squarespace-cdn.com/content/v1/5a35a8d129f187ac01aa178a/1650684592803-RAJT4ALN2TVAVDYERESH/0B0_5829.jpg?format=1500w
lemonade-4-1500w.jpg	https://images.squarespace-cdn.com/content/v1/5a35a8d129f187ac01aa178a/1650684610689-EYUS2QAK32LT4JBV90ET/0B0_5831.jpg?format=1500w
lemonade-5-1500w.jpg	https://images.squarespace-cdn.com/content/v1/5a35a8d129f187ac01aa178a/1650684637608-6WO4FS6MUQDNG9DQLKT6/0B0_5834.jpg?format=1500w
first-night-in-1-1500w.jpg	https://images.squarespace-cdn.com/content/v1/5a35a8d129f187ac01aa178a/1590776655030-XC7VZRNVHE542FFVXRQG/ob_6944.jpg?format=1500w
first-night-in-2-1500w.jpg	https://images.squarespace-cdn.com/content/v1/5a35a8d129f187ac01aa178a/1590549728636-YS0R040QAU9LY938Q3LW/ob_6944.jpg?format=1500w
first-night-in-3-1500w.jpg	https://images.squarespace-cdn.com/content/v1/5a35a8d129f187ac01aa178a/1590549755924-S5XLT65VRAO5PXTZJEGQ/ob_6939.jpg?format=1500w
first-night-in-4-1500w.jpg	https://images.squarespace-cdn.com/content/v1/5a35a8d129f187ac01aa178a/1590549814828-0Y2J5GAKSM6003Q6QZMC/ob_6943.jpg?format=1500w
first-night-in-5-1500w.jpg	https://images.squarespace-cdn.com/content/v1/5a35a8d129f187ac01aa178a/1590863554961-CPWIK9MHY6L1TMGVL18H/ob_6945.jpg?format=1500w
everyday-luxe-1-1500w.jpg	https://images.squarespace-cdn.com/content/v1/5a35a8d129f187ac01aa178a/1650328427071-UF5HRY3NA9T000KP0L1V/0B0_5137.jpg?format=1500w
everyday-luxe-2-1500w.jpg	https://images.squarespace-cdn.com/content/v1/5a35a8d129f187ac01aa178a/1650298510889-IXSS9N5FELY2SW73VOUY/0B0_5137.jpg?format=1500w
everyday-luxe-3-1500w.jpg	https://images.squarespace-cdn.com/content/v1/5a35a8d129f187ac01aa178a/1650298552908-DZKBT3F732GRBJDHGWZD/0B0_5132.jpg?format=1500w
everyday-luxe-4-1500w.jpg	https://images.squarespace-cdn.com/content/v1/5a35a8d129f187ac01aa178a/1650298570409-SJSNY5BTUB2JEK95DU3K/0B0_5135.jpg?format=1500w
everyday-luxe-5-1500w.jpg	https://images.squarespace-cdn.com/content/v1/5a35a8d129f187ac01aa178a/1650298674275-8YG0MO2VVYMCCYBOITMK/0B0_5129.jpg?format=1500w
uncorked-2-1500w.jpg	https://images.squarespace-cdn.com/content/v1/5a35a8d129f187ac01aa178a/1631543263959-MK239AMULDH1A6ORLUG6/0B0_2489.jpg?format=1500w
uncorked-3-1500w.jpg	https://images.squarespace-cdn.com/content/v1/5a35a8d129f187ac01aa178a/1631543298570-A3U7OS2LJS6CPZMKZ5BX/0B0_2502.jpg?format=1500w
uncorked-4-1500w.jpg	https://images.squarespace-cdn.com/content/v1/5a35a8d129f187ac01aa178a/1631543320662-H6I7MN8N6PGALYQBOWQM/0B0_2505.jpg?format=1500w
uncorked-5-1500w.jpg	https://images.squarespace-cdn.com/content/v1/5a35a8d129f187ac01aa178a/1631543341537-HLVKDN9DGD7KJAXXRPLS/0B0_2501.jpg?format=1500w
uncorked-6-1500w.jpg	https://images.squarespace-cdn.com/content/v1/5a35a8d129f187ac01aa178a/1631543367109-0LW4LM8HSK6BGD3IKREY/0B0_2498.jpg?format=1500w
welcome-home-1-1500w.jpg	https://images.squarespace-cdn.com/content/v1/5a35a8d129f187ac01aa178a/1650398986275-RYEQ09FEMGPCY2C3RC9A/0B0_5183.jpg?format=1500w
welcome-home-2-1500w.jpg	https://images.squarespace-cdn.com/content/v1/5a35a8d129f187ac01aa178a/1650331580428-K0E9GJLFRDLQ3XI631PF/0B0_5183.jpg?format=1500w
welcome-home-3-1500w.jpg	https://images.squarespace-cdn.com/content/v1/5a35a8d129f187ac01aa178a/1650331649197-SUBWI61FDCBKUFBZLWPJ/0B0_5186.jpg?format=1500w
welcome-home-4-1500w.jpg	https://images.squarespace-cdn.com/content/v1/5a35a8d129f187ac01aa178a/1650331918963-NYTPNKHTWQF8AZ2W50IO/0B0_5203.jpg?format=1500w
welcome-home-5-1500w.jpg	https://images.squarespace-cdn.com/content/v1/5a35a8d129f187ac01aa178a/1650331675881-5COK9NM4PW791W2DX6E2/0B0_5194.jpg?format=1500w
